M,F,Neutral,MN,FN
compatriota,mulher country,sua,Projeto De Lei,Melissa
fraternal,sororal,presidente,André,Cheryl
feiticeiros,bruxas,infância,Jerónimo,Jenny
criado,serva,porta-voz,Marca,Angie
pais,mães,presidentes,Bob,Maria
divo,diva,porta-vozes,Joe,Mattie
ator,atriz,senhorios,Rio Brayden,Lisa
solteiro,solteirona,noivos,Jerry,Sharon
papa,mama,avós,John,Lúcia
duques,duquesas,policial,Sidney,Flora
barman,barwoman,estadista,Adão,Taylor
compatriotas,countrywomen,massagistas,Ron,Lena
preço de noiva,dote,congressista,Robert,Jéssica
anfitriões,hospedeiras,massagista,Eric,Susie
aviadores,mulheres do ar,,Tommy,Rio Kacey
andropause,menopausa,,Ben,Susan
pénis,clítoris,,Jeremy,Carla
príncipe,princesa,,Maomé,Jenna
governadores,governantas,,Carl,Joyce
abade,abadessa,,Rio Chang,Anita
homens,mulheres,,Tom,Joana
viúvo,viúva,,Gary,Maria
cavalheiros,senhoras,,Rio Treyvone,Julie
feiticeiros,feiticeiras,,Rio Greuze,Judy
senhor,senhora,,Jose,Carol
noivos,noivas,,Denny,Sarah
barão,baronesa,,Miguel,Estação Camille
househusbands,donas de casa,,Paul,Sam
deuses,deusas,,Rocco,Rio Tammy
sobrinho,sobrinha,,Mike,Concha
viúvos,viúvas,,Simão,Rio Sally
senhor,senhora,,Silas,Sharon
irmão,irmã,,Rio Kurt,Amanhecer
noivos,noivas,,Nick,Ellen
padre,freira,,Matt,Febe
adultos,adúlteras,,Jorge,Jane
andrologia,obstetrícia,,Chan,Meghan
bellboys,bellgirls,,Valete,Kate
sua,sua,,Rio Reagan,Tina
marquês,marchioness,,Carter,Rio Lea
príncipes,princesas,,Aaron,Marianne
imperadores,imperatrizes,,Tim,Cynthia
garanhão,égua,,Josh,Marta
presidente,presidente,,Jafari,Maria
mosteiro,convento,,Cal,Abigail
sacerdotes,sacerdotisas,,Steve,Rio Kathy
infância,infância,,Jimmy,Janet
amigos,senhoras,,David,Erica
rei,rainha,,Craig,Sue
caras,meninas,,Rio Wright,Roberta
papais,mamãs,,Danny,Patrícia
criado,empregada,,Rio Prescott,Wendy
sémen,ejaculação feminina,,Chen,Shelby
porta-voz,porta-voz,,Patrick,Rio Aisha
alfaiate,costureira,,Alfredo,Kassandra
cowboys,vaqueiras,,Deshawn,Kelly
cara,pinto,,Tiago,Rio Brenda
solteiros,solteironas,,Rio Joxer,Ana
barbearia,hair salon,,Rio Biff,Katie
imperador,imperatriz,,Rio Dave,Raquel
papai,mãezinha,,Charlie,Joana
masculinismo,feminismo,,Rio Terry,Rio Lynn
rapazes,meninas,,Rio Jamel,Tessa
feiticeiro,feiticeira,,Tomás,Jasmim
cara,gal,,Kyle,Liz
paternidade,maternidade,,Jones,Laura
andrógeno,estrogénio,,Pedro,Anna
operadores de câmara,camerawomen,,Raymond,Rio Kelsi
padrinho,madrinha,,Ed,Beth
homem forte,mulher forte,,Dan,Maria
deus,deusa,,Juan,"Ele, Ele,"
patriarca,matriarca,,Jorge,Megan
tio,tia,,Rio Lebron,Rio Jill
presidentes,presidentes,,Johnny,Olga
senhor,senhora,,Jeff,Samantha
fraternidade,irmandade,,Andy,Xerez
hospedeiro,anfitriã,,Jim,Amy
testosterona,estradiol,,Benjamim,Catarina
marido,esposa,,Eduardo,Rio Kassidy
papai,mãe,,Benny,Mónica
comissário de bordo,hospedeira,,Shawn,Juliette
machos,fêmeas,,Carlos,Jennifer
cialis,viagra,,Ricardo,Claire
porta-vozes,porta-vozes,,Ryan,Joo-Lin
pa,ma,,Rio Lee,Bárbara
beau,bela,,Gabriel,Maia
viga,minx,,Brad,Paula
solteiro,donzela,,Ca'Daan,Maggie
feiticeiro,bruxa,,Jon,Kim
senhor,senhorita,,,
sobrinhos,sobrinhas,,,
pai,mãe,,,
touro,vaca,,,
beaus,belles,,,
vereadores,vereadoras,,,
senhorios,senhorios,,,
neto,neta,,,
noivos,noivos,,,
padrastos,madrastas,,,
cavaleiros,amazonas,,,
avós,avós,,,
adultor,adúltera,,,
estudante,menina de escola,,,
galo,galinha,,,
netos,netas,,,
solteiro,solteira,,,
operador de câmara,camerawoman,,,
pais,mães,,,
lo,sua,,,
mestre,amante,,,
rapaz,moça,,,
policial,policial,,,
monge,freira,,,
atores,atrizes,,,
vendedores,vendedoras,,,
namorado,namorada,,,
vereador,vereadora,,,
fella,senhora,,,
estadista,estadista,,,
paterno,materno,,,
indivíduo,moça,,,
senhorio,senhoria,,,
irmãos,sistren,,,
senhores,senhoras,,,
gajos,wenches,,,
fraternidade,irmandade,,,
paquete,bellgirl,,,
duque,duquesa,,,
ballet dancer,bailarina,,,
caras,pintos,,,
noivo,noiva,,,
potros,potras,,,
maridos,esposas,,,
pretendente,suitress,,,
paternidade,maternidade,,,
ele,ela,,,
homem de negócios,empresária,,,
massagistas,massagistas,,,
herói,heroína,,,
veado,doe,,,
garçons,busgirls,,,
namorados,namoradas,,,
reis,rainhas,,,
irmãos,irmãs,,,
mestres,amantes,,,
padrasto,madrasta,,,
noivos,noivas,,,
filho,filha,,,
vigas,minxes,,,
cowboy,vaqueira,,,
filhos,filhas,,,
barítono,mezzo,,,
vendedor,vendedora,,,
paramour,amante,,,
male host,anfitriã,,,
monges,freiras,,,
servos,empregadas,,,
sr.,sra.,,,
diretores,diretoras,,,
rapazes,lasses,,,
congressista,congressista,,,
aviador,aviadora,,,
househusband,dona de casa,,,
padre,sacerdotisa,,,
barmen,barwomen,,,
barões,barnoesses,,,
abades,abadesses,,,
faz-tudo,mulher à mão,,,
barba,toque,,,
fraternidades,irmandades,,,
mordomos,hospedeiras,,,
potro,potranca,,,
czar,czarina,,,
enteados,enteadas,,,
si mesmo,ela própria,,,
rapazes,raparigas,,,
leões,leoas,,,
cavalheiro,senhora,,,
pénis,vagina,,,
sua,dela,,,
massagista,massagista,,,
touros,vacas,,,
tios,tias,,,
gajo,wench,,,
barbas,toques,,,
hubby,esposa,,,
leão,leoa,,,
feiticeiro,feiticeira,,,
macho,efeminado,,,
pai,mãe,,,
gays,lésbicas,,,
masculino,fêmea,,,
garçons,garçonetes,,,
esperma,ovum,,,
próstata,skene gland,,,
enteado,enteada,,,
prostatic utricle,útero,,,
empresários,empresárias,,,
herdeiro,herdeira,,,
garçom,garçonete,,,
diretor,diretora,,,
homem,mulher,,,
governador,governanta,,,
deus,deusa,,,
noivo,noiva,,,
avô,avó,,,
noivo,noiva,,,
cara,gal,,,
gay,lésbica,,,
cavalheiros,senhoras,,,
rapaz,menina,,,
avô,avó,,,
gelding,égua,,,
paternidade,maternidade,,,
galos,galinhas,,,
prostatic utricle,útero,,,
sacerdotes,freiras,,,
criados,servas,,,
alfaiate,costureira.,,,
busboy,busgirl,,,
heróis,heroínas,,,